--
-- PostgreSQL database dump
--

-- Dumped from database version 16.1
-- Dumped by pg_dump version 16.1

SET statement_timeout = 0;
SET lock_timeout = 0;
SET idle_in_transaction_session_timeout = 0;
SET client_encoding = 'UTF8';
SET standard_conforming_strings = on;
SELECT pg_catalog.set_config('search_path', '', false);
SET check_function_bodies = false;
SET xmloption = content;
SET client_min_messages = warning;
SET row_security = off;

--
-- Data for Name: activity; Type: TABLE DATA; Schema: public; Owner: postgres
--

COPY public.activity (activity_id, xuid) FROM stdin;
\.


--
-- Data for Name: activity_item; Type: TABLE DATA; Schema: public; Owner: postgres
--

COPY public.activity_item (user_xuid, activity_id, content_title, title_id, achievement_name, achievement_description, achievement_icon, gamerscore, rarity_percentage, date) FROM stdin;
\.


--
-- Data for Name: flyway_schema_history; Type: TABLE DATA; Schema: public; Owner: postgres
--

COPY public.flyway_schema_history (installed_rank, version, description, type, script, checksum, installed_by, installed_on, execution_time, success) FROM stdin;
1	1	Create Initial Tables	SQL	V1__Create_Initial_Tables.sql	541807552	postgres	2024-01-26 23:21:48.489732	58	t
2	2	Game Statistic Tables	SQL	V2__Game_Statistic_Tables.sql	-19175141	postgres	2024-01-27 18:13:44.210081	6	t
3	3	Title History Last Updated	SQL	V3__Title_History_Last_Updated.sql	-1938904022	postgres	2024-01-28 14:58:51.433315	5	t
\.


--
-- Data for Name: profile; Type: TABLE DATA; Schema: public; Owner: postgres
--

COPY public.profile (xuid, gamertag, tg_id, tg_username, last_achievement) FROM stdin;
2535463385431007	Entrerry	224732	x_Gnk	2024-01-27 17:02:16.533
2533274909201540	chazmich1144	34039526	chazmich	2023-12-30 18:25:22.937
2535418020562953	schnappi0msk	112639296	schmaga	2024-01-28 20:19:01.057
\.


--
-- Data for Name: title; Type: TABLE DATA; Schema: public; Owner: postgres
--

COPY public.title (title_id, name) FROM stdin;
1613348546	Sea of Stars
1797327516	Palworld (Game Preview)
1938832846	STAR WARS Jedi: Survivor™
2071061510	Lies of P
1682363458	Avatar: Frontiers of Pandora™
1867683926	Persona 5 Tactica
1715643738	Warhammer 40,000: Rogue Trader
2079794073	Starfield
1655517847	Like a Dragon Gaiden: The Man Who Erased His Name
1686629022	Rocksmith 2014 Edition
1842668909	Forza Motorsport
2067022016	Call of the Wild: The Angler™
1852502655	EA SPORTS FC™ 24 Xbox Series X|S
1653977028	Baldur's Gate 3
2071676002	EA SPORTS™ FIFA 23 Standard Edition Xbox Series X|S
125226722	DARK SOULS™: REMASTERED
129773809	The Disney Afternoon Collection
1685686710	Rogue Legacy 2
1936930219	Tell Me Why
2030093255	Forza Horizon 5
1681574067	Diablo IV
530462567	The Witcher 3: Wild Hunt – Complete Edition
1690524168	Wo Long: Fallen Dynasty
1886840872	Loop Hero
1852916479	Resident Evil 4
1758202833	Sifu
1628688048	Atomic Heart
1963776030	God of War
1693340366	Hogwarts Legacy
2098787950	Age of Empires IV: Anniversary Edition
1625658903	The Witcher 3: Wild Hunt
2028627076	Marvel's Midnight Suns for Xbox Series X|S
1695638358	Vampire Survivors
2001700854	Call of Duty®
1731202267	Need for Speed™ Unbound
1993022209	Hi-Fi RUSH
1712511027	Inkulinati (Game Preview)
861949148	What Remains of Edith Finch
1781344339	Control Ultimate Edition - Xbox Series X|S
1916758859	Donut County
1832512217	Townscaper
2051823976	Immortality
2041063925	Lake
964019698	Immortals Fenyx Rising™
1633778685	The Stanley Parable: Ultra Deluxe
1748951836	Disco Elysium - The Final Cut
1874191487	High On Life
1851310927	Who Wants to Be a Millionaire?
1847979820	FIFA 22 Xbox Series X|S
2100880776	Pentiment
1936375380	Gungrave G.O.R.E
1903138273	Sonic Frontiers
2089483628	A Plague Tale: Requiem
1754913361	Brewmaster: Beer Brewing Simulator
868192693	Gotham Knights
2005013689	LEGO® Bricktales
1936146608	Scorn
1916393313	SIGNALIS
222473492	Cyberpunk 2077
1651248133	Metal: Hellsinger (Xbox Series X|S & PC)
1976773272	Fallout: New Vegas
1820987797	Deus Ex: Human Revolution
1999548626	Songs of Conquest
1909279725	The Procession to Calvary
1891684356	Lost in Random™
1669996905	Train Sim World® 3
2054685746	Mass Effect™ Legendary Edition
271965907	Wasteland 3
1820448821	Cyberpunk 2077
1638650050	Half-Life: Alyx
1953444097	Black Book
1771770355	The Forgotten City
1749676903	Two Point Campus
1848191014	TUNIC
618537566	The Outer Worlds
2041731932	Cult of the Lamb
1651525052	Life is Strange: Before the Storm Remastered
2016076229	Weird West: Definitive Edition
2043073184	Halo Infinite
2016417527	Life is Strange Remastered
1694487955	Life is Strange: True Colors
2061866976	Trek to Yomi
1144039928	Halo: The Master Chief Collection
1745314691	Psychonauts 2
1128466466	RESIDENT EVIL CODE: Veronica X
1977289559	Baldur's Gate 3
2081130223	Tom Clancy's Rainbow Six Siege
2028305374	Death's Door
1820250788	Fortnite
1843641391	Quake
1944807356	Twelve Minutes
1738186740	Battlefield 4
85494077	Microsoft Solitaire Collection
836165876	The Ascent
1772443391	Assassin's Creed Valhalla
2091462567	Resident Evil 5
2117764661	Diablo III: Reaper of Souls – Ultimate Evil Edition
1967200449	Sid Meier's Civilization VI
2078459012	Mount Your Friends
1684021742	Fallout 76
1764939936	Katamari Damacy
2066218866	Watch Dogs: Legion
1820883183	Necromunda: Hired Gun
1841290462	Dark Alliance
1649971201	Fallout
1679726014	Dark Souls II
1624636074	Call of Duty: Black Ops Cold War
1297287173	Alan Wake
1708416015	Darkest Dungeon
1933896543	Ghostrunner
1949276790	Spelunky 2
1112737785	Morrowind
1742730645	Curse of the Dead Gods
1770979388	Valheim
1749180498	Hades
1871865902	Disco Elysium
1987228451	The Witcher: Enhanced Edition
2013577527	The Elder Scrolls V: Skyrim
1689233763	Outward
1907521535	Desperados III
1161889984	Dragon Age: Origins
1849473846	Beat Saber
1873218995	Operencia: The Stolen Sun
1972669308	Dead Cells
2140933132	Rocket League
1622132960	Dead Cells
2117776820	UnderMine
1790217657	Five Nights at Freddy's 4
1774726654	Noita
1873195514	Tetris Effect
1979282010	Outer Wilds
1855217179	Golf With Your Friends (Windows Version)
2143921198	Ashen
1900462811	FTL: Faster Than Light
1987951399	Lonely Mountains: Downhill
2013035326	Divinity: Original Sin II
1938834516	State of Decay 2: Juggernaut Edition
1812456871	Battletoads
945909358	Subnautica
1675176110	The Outer Worlds
2033827020	Pathfinder: Kingmaker
1923839306	Wasteland 3 (PC)
401515813	Enter The Gungeon
1951205818	Deep Rock Galactic
1840688839	BPM: Bullets Per Minute
1837088169	Tony Hawk's Pro Skater 1 + 2
1939134858	Heroes of Might and Magic V
1815348552	Borderlands 3
1619218235	Fall Guys: Ultimate Knockout
1771481714	Mortal Shell
1297287815	Fable Anniversary
1906143168	Crusader Kings III
2024574200	Remnant: From the Ashes
1777860928	Microsoft Flight Simulator
2116115604	Cloudpunk
1717113201	Sea of Thieves 2023 Edition
1713525781	Far Cry New Dawn
2060719597	Control
1862446374	Grand Theft Auto V
2071100129	Black Mesa
1659804324	Ori and the Will of the Wisps
1841441354	Devil May Cry 5
1787008472	Call of Duty: Modern Warfare
2115346552	Half-Life 2: Episode One
1413679061	NINJA GAIDEN II
374923716	Gears 5
1820896903	CODE VEIN
1843310813	Afterparty
1807442535	Untitled Goose Game
1731891301	Pathologic 2
1909087497	Quake Champions
1851306116	Two Point Hospital
1824137014	Football Manager 2019
333628240	Quantum Break
559544937	Ori and the Blind Forest: Definitive Edition
1985701699	Forza Horizon 4
623325843	Cuphead
1635723607	Overwatch
226054795	MONSTER HUNTER: WORLD™
1937457147	Mutant Year Zero: Road to Eden
1799887933	The Witcher 3: Wild Hunt
1198088771	FOR HONOR - Standard Edition
74304278	Tom Clancy's The Division
686783342	Divinity: Original Sin 2 - Definitive Edition
1397033025	VANQUISH
1414793309	BioShock Infinite
804980065	Sea of Thieves Insider
320504455	Middle-earth™: Shadow of War™
502034863	Assassin's Creed® Origins
1579532320	Sunset Overdrive
1297287125	Gears of War
1145574011	Titanfall® 2
1313671253	The Witcher 2
1161890101	Bulletstorm™
1313673121	Dark Souls: Prepare to Die Edition
1464995746	Mortal Kombat: Arcade Kollection
267695549	Fortnite
1947900602	Like a Dragon: Infinite Wealth
988203152	Stellaris: Console Edition
950328474	PUBG: BATTLEGROUNDS
2059211995	Hollow Knight: Voidheart Edition
1878915001	SnowRunner
859843286	Hellblade: Senua's Sacrifice
217802058	Darkest Dungeon®
1367952835	Far Cry® 4
2105342780	Grounded
1901782415	Railway Empire 2 (Win)
415619002	Watch Dogs®2
2008403666	Dead Space
1989106096	Sid Meier’s Civilization® VI
2054716369	It Takes Two
1892245301	ELDEN RING
1694250070	Super Animal Royale
1610974574	Cocoon
1908824731	The Lamplighters League
1616307670	PAYDAY 3
2093153073	Party Animals
1828326430	Minecraft
2134693780	EVERSPACE™ 2
1743049130	Quake II
1621285366	DOOM (1993)
244291844	Far Cry® 3 Classic Edition
1720075101	Mafia: Definitive Edition
1920996408	Age of Wonders 4
1778348973	Grand Theft Auto Online (Xbox Series X|S)
585771792	WATCH_DOGS™
2006171548	Battle Brothers
1995576035	Remnant II - Standard Edition
389597738	Terraria
984363462	Graveyard Keeper
1414793259	Red Dead Redemption
1837410971	NARAKA: BLADEPOINT
94618376	Overwatch® 2
558797228	Rocket League®
1628806449	Potion Craft: Alchemist Simulator
306230746	Stardew Valley
1931947471	Persona 5 Royal
907086072	Prey
2047319603	Minecraft for Nintendo Switch
2040239934	XDefiant Open Session
2090892978	Farming Simulator 22
252034287	The Elder Scrolls V: Skyrim Special Edition
1041486048	DARK SOULS™ III
1959842755	Death's Door
1913639555	Ruined King: A League of Legends Story™
2041941014	Diablo® II: Resurrected™
1880089265	Guilty Gear -Strive-
2103789015	Monster Hunter Rise
1715577372	Chained Echoes
1881258316	Ghost Song
1757462338	Ni no Kuni Wrath of the White Witch™ Remastered
1642907564	DEATH STRANDING
2011136108	Medieval Dynasty
1745661457	Valheim (Game Preview)
2095867988	The Evil Within (PC)
1756491555	Dishonored 2
1690468494	DEATHLOOP
1718697574	OCTOPATH TRAVELER
137510457	Dishonored®: Death of the Outsider™
467118163	Titan Quest
1256782258	Fallout 4
1475571605	Gears of War: Ultimate Edition
1874376911	Splitgate
519443170	Torment: Tides of Numenera
2029805012	MultiVersus
2037558339	My Friend Peppa Pig
1813085990	Road 96
1907729638	Solasta: Crown of the Magister
447911394	Far Cry® 5
964706972	No Man's Sky
1112737760	Fallout: New Vegas
1953391836	Shadowrun Returns
980944365	Need for Speed™
1768081511	Crusader Kings III
810101074	Dead Cells
1960926264	Phoenix Point
1756421327	Teenage Mutant Ninja Turtles: Shredder's Revenge
869175187	A Way Out
591405932	Red Dead Redemption 2
1785174857	Spelunky 2
1037514907	Burnout™ Paradise Remastered
1327376519	DOOM
1733173772	The Bard's Tale Trilogy
1790216132	Hades
1963912042	Eiyuden Chronicle: Rising
1627444318	Tails Noir
1814653009	FAR: Changing Tides
2035251227	Turnip Boy Commits Tax Evasion
1632843296	Pillars of Eternity II: Deadfire - Ultimate Edition
304932652	NHL® 21
427070178	FINAL FANTASY X/X-2 HD Remaster
1755180052	Yakuza 3 Remastered
162448742	Outer Wilds
1112737749	Fallout 3
1763742865	Train Sim World® 2
1937629264	Tainted Grail: Conquest
1868841248	Nobody Saves the World
1726756158	Spiritfarer®: Farewell Edition
1848088335	Subnautica: Below Zero
157772240	The Bard's Tale IV: Director's Cut
1648619937	Edge of Eternity
1947725080	Skul: The Hero Slayer
1397819386	DEUS EX: HUMAN REVOLUTION
422246343	Tom Clancy’s Rainbow Six® Extraction
1297287153	Fable II
2106872096	Battlefield™ 2042 Xbox Series X|S
717702870	OUTRIDERS
1823385601	Bassmaster® Fishing
690285705	The Long Dark
1877455960	art of rally
1867295360	Monster Sanctuary
1925242158	Library Of Ruina
1703518315	Neoverse
1926653926	Astria Ascending
1992453063	Among Us
1997201494	Aliens: Fireteam Elite
2140460499	Before We Leave
793598300	CODE VEIN
1882004205	Neon Abyss
1660320477	Undertale
1970667393	Immortal Realms: Vampire Wars
1781365913	Monster Train
1161889960	Battlefield Bad Company 2
1965142613	Golf With Your Friends
1297287382	Fable III
1616046491	Gears Tactics - Base Game
1756731867	One Step From Eden
1983962095	Warhammer 40,000: Battlesector
2071372034	Lawn Mowing Simulator
2093066399	Carrion
1873961403	Hearthstone: Heroes of Warcraft
1962957406	Genshin Impact
1831020231	World of Warcraft Classic
1811699532	League of Legends
1925999199	Space Haven
1936839217	Starcraft II
1879387993	RimWorld
1892185225	Crusader Kings III
1664882211	World of Warcraft
1769212183	Hero Siege
2066051089	Sid Meier's Civilization V
1796644516	The Legend of Bum-Bo
1701961169	Counter-Strike: Global Offensive
1729728627	Postal 2
1619918537	Talisman: Digital Edition
1888634439	Sid Meier's Civilization: Beyond Earth
1739375565	Minecraft Dungeons
2144518853	Pathway
1847408598	Heroes of the Storm
1652720688	Terraria
2123253915	For the King
1683566198	Grand Theft Auto: Vice City
1801832565	Quake Live
1902027806	Into the Breach
1714203046	Legends of Runeterra
2027066829	Ori and the Blind Forest: Definitive Edition - Nintendo Switch
1810924247	Minecraft for iOS
1667877464	Final Fantasy XIV Online: A Realm Reborn
1799893100	Death Must Die
1480656879	Zuma
2006088480	Wayfinder
1698925306	Path of Exile
2030027058	Wartales
2073359006	Spirittea
1633458467	SteamWorld Build
1480657407	Plants vs. Zombies
1718681937	Grim Dawn
1636080549	Victoria 3
1694834097	Dungeon of the Endless
1642295706	Guild Wars 2
1973901376	Diablo® IV
1740854689	Battlefield 2042
352040487	Tom Clancy's The Division® 2
1730430924	Tom Clancy's The Division 2
2046748982	Call of Duty: Modern Warfare II
1684508835	Warhammer 40,000: Darktide
1961172653	Starfield Digital Artbook & Original Soundtrack
1686513587	The Messenger
1977284905	Eastward
2014204696	PlayerUnknown's Battlegrounds
1914116538	Marvel's Midnight Suns
1806726294	Lost Ark
1636493129	Tower of Fantasy
1762047744	Destiny 2
1955982965	Gunfire Reborn
2119592325	Warframe
1793267614	Techtonica (Game Preview)
144389848	Destiny 2
1692950358	Exoprimal
1918679142	Black Desert Online
1872765418	Tales of Arise (Xbox Series X|S)
2117095676	Planet of Lana
1803631176	MechWarrior 5: Mercenaries
1986295132	The Last Case of Benedict Fox
1667881927	Redfall
1757097514	The Elder Scrolls Online
2058726916	Anno 1800
374621264	RESIDENT EVIL 2
1939282526	XDefiant Closed Beta
680942588	STAR WARS Jedi: Fallen Order™
171869406	War Thunder
2119197579	Somerville
2096242259	ANVIL : Vault Breaker (Game Preview)
1901219549	Diablo® IV - Server Slam
1842524948	Encased: a sci-fi post-apocalyptic RPG
1736183720	Age of Wonders: Planetfall
1632037584	Phantom Brigade
1904560378	Diablo 2: Resurrected
2004428777	WILD HEARTS™ Standard Edition
1729212715	EVE Online
1880429633	The Legend of Heroes: Trails in the Sky
1704491362	World War 3
1661942705	MONSTER HUNTER RISE
1664288261	Dying Light
1611681745	Borderlands 2
965890138	Project Highrise: Architect's Edition
504085184	The Crew® 2
1967883584	Chorus
1951465965	Torment: Tides of Numenera
1913463859	BABYLON'S FALL
2129339538	Panzer Corps 2
2123163620	Undungeon
2050529152	Crying Suns
2062398513	The Dungeon Of Naheulbeuk: The Amulet Of Chaos - Chicken Edition
1285166951	The Elder Scrolls Online: Tamriel Unlimited
1925947069	Far Cry® 6
1678530943	The Lord of the Rings Online
2139970300	Moonglow Bay
2051766968	STRANGER OF PARADISE FINAL FANTASY ORIGIN DEMO VERSION
2121317693	LEGO® Builder's Journey
1030018025	Halo Wars: Definitive Edition (PC)
1289871275	Forza Horizon 3
2082382492	Machinarium
1723140610	ELDEN RING™ Network Test Ver.
1923279922	Marvel's Guardians of the Galaxy
809464104	Elex
1619865604	Ring of Pain
756981192	Borderlands 3
210179407	Back 4 Blood
2096818168	Halo Infinite - Insider
1045960524	Metro Exodus
1328778537	SteamWorld Dig
961090289	Tom Clancy's Ghost Recon® Breakpoint
252379691	Disintegration
648298719	Warhammer: Chaosbane Xbox One
2063170939	Frostpunk: Console Edition
2042945112	Atomicrops
1659464109	Elite Dangerous Core
2100312943	SCARLET NEXUS
1713723106	Diablo® II: Resurrected™ - Beta
1829876281	Tales of Arise Demo Version (Xbox Series X|S)
2127143504	Starmancer (Game Preview)
903593533	Path of Exile
275673036	Pillars of Eternity: Complete Edition
1914646696	Curse of the Dead Gods
901516198	The Surge 2
2024220276	Phantasy Star Online 2 New Genesis
888477147	METAL GEAR SURVIVE
2132429347	Risk of Rain 2
332913499	Fallout 76
106901580	Destroy All Humans!
230716687	Biomutant
2050010864	Two Point Hospital™
1708767297	Ryse: Son of Rome
944836149	Valkyria Chronicles 4
1296697298	Full Game - Psychonauts
552499398	Gears of War 4
147604411	Dungeons 3
969381141	A Plague Tale: Innocence
256364670	Battlefield™ V
449394673	Vampyr
976905576	Dragon Age™: Inquisition
1727835390	Arkham Horror: Mother’s Embrace
20391045	Batman: Return to Arkham - Arkham Asylum
1161889879	Dead Space™
338995079	Batman: The Enemy Within - Episode 1
651668093	RESIDENT EVIL 7 biohazard
1801948585	SCARLET NEXUS Demo Edition
1161890059	Dragon Age™ 2
1414793198	The Darkness
2105140633	NieR Replicant ver.1.22474487139...
914276891	RAGE 2
796798669	Call of Duty®: Infinite Warfare
1297287339	Gears of War 3
1759805434	Narita Boy
1271641024	Lords of the Fallen (2014)
1953182469	DRAGON QUEST® XI S: Echoes of an Elusive Age™ - Definitive Edition
102287491	Marvel's Avengers Definitive Edition
1847551904	Morbid: The Seven Acolytes
152270586	FINAL FANTASY XII THE ZODIAC AGE
100764563	Sniper Elite 4
1911932812	DIRT 5
1790482525	Call of Duty®: Black Ops Cold War - Xbox Series X|S
1893882441	OUTRIDERS Demo
1791400679	Yakuza: Like a Dragon
1781023780	The Medium
705006443	Jurassic World Evolution
1278031123	Resident Evil
1610985256	Torchlight III
1896010657	Cyber Shadow
862712929	Star Trek Online
921016611	Crossout
2109986102	Space Crew: Legendary Edition
1679835971	Deliver Us The Moon
2041763016	CrossCode
1263405066	METAL GEAR RISING: REVENGEANCE
1952427486	Bloodstained: Ritual of the Night
402049843	Black Desert
1482870140	Warframe
1161889989	Brütal Legend
1957310205	Streets of Rage 4
625948041	Slime Rancher
850118036	Generation Zero®
530599647	Homefront®: The Revolution
974586226	We Happy Few
1297287213	Gears of War 2
1673223107	Call of the Sea
951560105	Control
1947911457	VA-11 Hall-A: Cyberpunk Bartender Action
968775939	EVERSPACE™
849613404	Dragon's Dogma: Dark Arisen
926771636	Tom Clancy's Rainbow Six® Siege
872826607	Vigor
833960563	STAR WARS™ Battlefront™ II
609700427	Call of Duty®: Modern Warfare®
407534069	Neverwinter
1962559957	KINGDOM HEARTS - HD 1.5+2.5 ReMIX -
1629043783	River City Girls
1161890070	Alice: Madness Returns
1161889999	Dante's Inferno™
1856508918	Faeria
1976637866	Night in the Woods Win10
2077251758	Watch Dogs
1797307747	Yakuza 0
1847572037	The Swords of Ditto: Mormo's Curse
1970834532	RAGE 2 (PC)
1908178790	Battlefleet Gothic: Armada 2 - Windows 10
1935756532	Star Renegades
2035480830	Brawlhalla
1793054097	Carrion
2069930731	Wargroove
1805992099	MISTOVER
2062953211	Endless Space 2: Deluxe Edition
1828912468	Resident Evil 2
1692546142	Two Point Hospital™
1959656817	Dungeon of the Endless™
2005154977	Children of Morta
568182861	ASTRONEER
1957789645	Outer Wilds
2094468887	Space Engineers
1643729205	GRIS
1626728884	Starbound
1755006572	Crysis 2
2071587861	Slay the Spire
1629064702	Alan Wake
1693962804	Assassin's Creed Odyssey
2080548081	Middle-earth: Shadow of War
1856764962	VALORANT
1639443792	TERA
1705920246	XCOM: Chimera Squad
1880313767	The Bard's Tale IV: Barrows Deep
1702237514	AI War 2
1660733075	Metro Exodus (Windows)
896928775	Minecraft for Windows
1848583860	Plague Inc: Evolved
1905928469	Bleeding Edge Beta
1879366078	Escape From Tarkov
1857101017	Anthem
2000295636	The Surge 2
2079904709	Bloodstained: Ritual of the Night
1782845794	Hearts of Iron IV
1872224406	Sekiro: Shadows Die Twice
2092578623	Star Wars Jedi: Fallen Order
2002259331	Darksiders III
1873980667	Blasphemous
2064168993	Age of Empires II: Definitive Edition
1015340672	Thimbleweed Park
1777571402	Age of Wonders: Planetfall
1929508962	VAMPYR
1959541320	Axiom Verge
1674291955	Battlefield V
2119274508	Star Wars Battlefront II
1702619408	Call of Duty: Modern Warfare
1613301018	Tyranny - Gold Edition
2079158337	CrossCode
2093682339	Gears POP!
1808457122	Mutant Year Zero: Road to Eden
1712693909	Observation
1992954453	Thronebreaker: The Witcher Tales
1768076067	NBA 2K17
1628516715	Apex Legends
1671755991	Gwent: The Witcher Card Game
1690462158	Dauntless
1921269905	They Are Billions
1983565516	Elite: Dangerous
2146707105	Anno 2205
1653768775	Cities: Skylines
1951836749	Surviving Mars
1656566221	Risk of Rain 2
1725781593	Graveyard Keeper
1702841062	Crypt of the NecroDancer
1954153789	The Elder Scrolls: Legends
1943362185	Tom Clancy's The Division
2074159196	Subnautica
1930898112	Call of Duty: Black Ops 4
1853315448	Battlerite
2132680967	Realm Royale
1621796646	Fallout 4
2056593009	Dead Space
2084133512	Forza Horizon 4 Demo
1870289473	Tomb Raider
2128673801	Conan Exiles
2043848520	Batman: Arkham Knight
1617407136	Don't Starve
2096906881	SMITE
1827948906	The Long Dark
1763423970	Undertale
1297289123	Age of Empires Online
1946261537	The Bookwalker: Thief of Tales
\.


--
-- Data for Name: title_history; Type: TABLE DATA; Schema: public; Owner: postgres
--

COPY public.title_history (title_history_id, xuid, title_id, total_gamescore, current_gamescore, last_updated) FROM stdin;
2	2535418020562953	1797327516	1000	100	1970-01-01 00:00:00
3	2535418020562953	1938832846	1000	45	1970-01-01 00:00:00
4	2535418020562953	2071061510	1000	695	1970-01-01 00:00:00
5	2535418020562953	1682363458	1000	20	1970-01-01 00:00:00
6	2535418020562953	1867683926	1000	0	1970-01-01 00:00:00
7	2535418020562953	1715643738	0	0	1970-01-01 00:00:00
8	2535418020562953	2079794073	1000	10	1970-01-01 00:00:00
9	2535418020562953	1655517847	1000	15	1970-01-01 00:00:00
10	2535418020562953	1686629022	0	0	1970-01-01 00:00:00
11	2535418020562953	1842668909	1000	35	1970-01-01 00:00:00
12	2535418020562953	2067022016	1400	80	1970-01-01 00:00:00
13	2535418020562953	1852502655	1000	0	1970-01-01 00:00:00
14	2535418020562953	1653977028	0	0	1970-01-01 00:00:00
15	2535418020562953	2071676002	1000	220	1970-01-01 00:00:00
16	2535418020562953	125226722	1000	75	1970-01-01 00:00:00
17	2535418020562953	129773809	1000	0	1970-01-01 00:00:00
18	2535418020562953	1685686710	1240	10	1970-01-01 00:00:00
19	2535418020562953	1936930219	1500	50	1970-01-01 00:00:00
20	2535418020562953	2030093255	2500	1115	1970-01-01 00:00:00
21	2535418020562953	1681574067	0	0	1970-01-01 00:00:00
22	2535418020562953	530462567	2000	2000	1970-01-01 00:00:00
23	2535418020562953	1690524168	1585	1000	1970-01-01 00:00:00
24	2535418020562953	1886840872	1000	15	1970-01-01 00:00:00
25	2535418020562953	1852916479	1180	370	1970-01-01 00:00:00
26	2535418020562953	1758202833	0	0	1970-01-01 00:00:00
27	2535418020562953	1628688048	1150	330	1970-01-01 00:00:00
28	2535418020562953	1963776030	0	0	1970-01-01 00:00:00
29	2535418020562953	1693340366	1000	600	1970-01-01 00:00:00
30	2535418020562953	2098787950	1580	30	1970-01-01 00:00:00
31	2535418020562953	1625658903	0	0	1970-01-01 00:00:00
32	2535418020562953	2028627076	1510	750	1970-01-01 00:00:00
33	2535418020562953	1695638358	1500	1060	1970-01-01 00:00:00
34	2535418020562953	2001700854	2000	0	1970-01-01 00:00:00
35	2535418020562953	1731202267	1000	70	1970-01-01 00:00:00
36	2535418020562953	1993022209	1250	355	1970-01-01 00:00:00
37	2535418020562953	1712511027	0	0	1970-01-01 00:00:00
38	2535418020562953	861949148	1000	1000	1970-01-01 00:00:00
39	2535418020562953	1781344339	1390	1225	1970-01-01 00:00:00
40	2535418020562953	1916758859	1000	1000	1970-01-01 00:00:00
41	2535418020562953	1832512217	1000	1000	1970-01-01 00:00:00
42	2535418020562953	2051823976	1000	420	1970-01-01 00:00:00
43	2535418020562953	2041063925	1000	1000	1970-01-01 00:00:00
44	2535418020562953	964019698	1845	820	1970-01-01 00:00:00
45	2535418020562953	1633778685	1000	810	1970-01-01 00:00:00
46	2535418020562953	1748951836	1350	0	1970-01-01 00:00:00
47	2535418020562953	1874191487	1195	565	1970-01-01 00:00:00
48	2535418020562953	1851310927	1000	600	1970-01-01 00:00:00
49	2535418020562953	1847979820	1000	0	1970-01-01 00:00:00
50	2535418020562953	2100880776	1000	635	1970-01-01 00:00:00
51	2535418020562953	1936375380	1045	30	1970-01-01 00:00:00
52	2535418020562953	1903138273	1000	215	1970-01-01 00:00:00
53	2535418020562953	2089483628	1000	645	1970-01-01 00:00:00
54	2535418020562953	1754913361	1000	125	1970-01-01 00:00:00
55	2535418020562953	868192693	1390	485	1970-01-01 00:00:00
56	2535418020562953	2005013689	1000	105	1970-01-01 00:00:00
57	2535418020562953	1936146608	1000	180	1970-01-01 00:00:00
58	2535418020562953	1916393313	1000	0	1970-01-01 00:00:00
59	2535418020562953	222473492	1455	15	1970-01-01 00:00:00
60	2535418020562953	1651248133	1000	235	1970-01-01 00:00:00
61	2535418020562953	1976773272	0	0	1970-01-01 00:00:00
62	2535418020562953	1820987797	0	0	1970-01-01 00:00:00
63	2535418020562953	1999548626	0	0	1970-01-01 00:00:00
64	2535418020562953	1909279725	1000	120	1970-01-01 00:00:00
65	2535418020562953	1891684356	1000	90	1970-01-01 00:00:00
66	2535418020562953	1669996905	4300	40	1970-01-01 00:00:00
67	2535418020562953	2054685746	2915	85	1970-01-01 00:00:00
68	2535418020562953	271965907	1490	90	1970-01-01 00:00:00
69	2535418020562953	1820448821	0	0	1970-01-01 00:00:00
70	2535418020562953	1638650050	0	0	1970-01-01 00:00:00
71	2535418020562953	1953444097	1000	700	1970-01-01 00:00:00
72	2535418020562953	1771770355	1000	0	1970-01-01 00:00:00
73	2535418020562953	1749676903	1445	0	1970-01-01 00:00:00
74	2535418020562953	1848191014	1000	40	1970-01-01 00:00:00
75	2535418020562953	618537566	1390	955	1970-01-01 00:00:00
76	2535418020562953	2041731932	1230	240	1970-01-01 00:00:00
77	2535418020562953	1651525052	1000	1000	1970-01-01 00:00:00
78	2535418020562953	2016076229	1000	55	1970-01-01 00:00:00
79	2535418020562953	2043073184	2020	115	1970-01-01 00:00:00
80	2535418020562953	2016417527	1000	1000	1970-01-01 00:00:00
81	2535418020562953	1694487955	1000	1000	1970-01-01 00:00:00
82	2535418020562953	2061866976	1000	10	1970-01-01 00:00:00
83	2535418020562953	1144039928	7000	160	1970-01-01 00:00:00
84	2535418020562953	1745314691	1000	685	1970-01-01 00:00:00
85	2535418020562953	1128466466	1000	50	1970-01-01 00:00:00
86	2535418020562953	1977289559	0	0	1970-01-01 00:00:00
87	2535418020562953	2081130223	0	0	1970-01-01 00:00:00
88	2535418020562953	2028305374	0	0	1970-01-01 00:00:00
89	2535418020562953	1820250788	0	0	1970-01-01 00:00:00
90	2535418020562953	1843641391	1000	15	1970-01-01 00:00:00
91	2535418020562953	1944807356	1000	80	1970-01-01 00:00:00
92	2535418020562953	1738186740	0	0	1970-01-01 00:00:00
93	2535418020562953	85494077	1850	15	1970-01-01 00:00:00
94	2535418020562953	836165876	1425	120	1970-01-01 00:00:00
95	2535418020562953	1772443391	0	0	1970-01-01 00:00:00
96	2535418020562953	2091462567	0	0	1970-01-01 00:00:00
97	2535418020562953	2117764661	1215	0	1970-01-01 00:00:00
98	2535418020562953	1967200449	0	0	1970-01-01 00:00:00
99	2535418020562953	2078459012	0	0	1970-01-01 00:00:00
100	2535418020562953	1684021742	0	0	1970-01-01 00:00:00
101	2535418020562953	1764939936	0	0	1970-01-01 00:00:00
102	2535418020562953	2066218866	0	0	1970-01-01 00:00:00
103	2535418020562953	1820883183	0	0	1970-01-01 00:00:00
104	2535418020562953	1841290462	1085	0	1970-01-01 00:00:00
105	2535418020562953	1649971201	0	0	1970-01-01 00:00:00
106	2535418020562953	1679726014	0	0	1970-01-01 00:00:00
107	2535418020562953	1624636074	0	0	1970-01-01 00:00:00
108	2535418020562953	1297287173	1500	510	1970-01-01 00:00:00
109	2535418020562953	1708416015	0	0	1970-01-01 00:00:00
110	2535418020562953	1933896543	0	0	1970-01-01 00:00:00
111	2535418020562953	1949276790	0	0	1970-01-01 00:00:00
112	2535418020562953	1112737785	0	0	1970-01-01 00:00:00
113	2535418020562953	1742730645	0	0	1970-01-01 00:00:00
114	2535418020562953	1770979388	0	0	1970-01-01 00:00:00
115	2535418020562953	1749180498	0	0	1970-01-01 00:00:00
116	2535418020562953	1871865902	0	0	1970-01-01 00:00:00
117	2535418020562953	1987228451	0	0	1970-01-01 00:00:00
118	2535418020562953	2013577527	0	0	1970-01-01 00:00:00
119	2535418020562953	1689233763	0	0	1970-01-01 00:00:00
120	2535418020562953	1907521535	0	0	1970-01-01 00:00:00
121	2535418020562953	1161889984	1750	0	1970-01-01 00:00:00
122	2535418020562953	1849473846	0	0	1970-01-01 00:00:00
123	2535418020562953	1873218995	0	0	1970-01-01 00:00:00
124	2535418020562953	1972669308	0	0	1970-01-01 00:00:00
125	2535418020562953	2140933132	0	0	1970-01-01 00:00:00
126	2535418020562953	1622132960	2430	150	1970-01-01 00:00:00
127	2535418020562953	2117776820	1000	50	1970-01-01 00:00:00
128	2535418020562953	1790217657	1000	60	1970-01-01 00:00:00
129	2535418020562953	1774726654	0	0	1970-01-01 00:00:00
130	2535418020562953	1873195514	0	0	1970-01-01 00:00:00
131	2535418020562953	1979282010	0	0	1970-01-01 00:00:00
132	2535418020562953	1855217179	1585	220	1970-01-01 00:00:00
133	2535418020562953	2143921198	0	0	1970-01-01 00:00:00
134	2535418020562953	1900462811	0	0	1970-01-01 00:00:00
135	2535418020562953	1987951399	2230	130	1970-01-01 00:00:00
136	2535418020562953	2013035326	0	0	1970-01-01 00:00:00
137	2535418020562953	1938834516	2400	10	1970-01-01 00:00:00
138	2535418020562953	1812456871	1000	295	1970-01-01 00:00:00
139	2535418020562953	945909358	1000	25	1970-01-01 00:00:00
140	2535418020562953	1675176110	1390	165	1970-01-01 00:00:00
141	2535418020562953	2033827020	0	0	1970-01-01 00:00:00
142	2535418020562953	1923839306	1490	70	1970-01-01 00:00:00
143	2535418020562953	401515813	1250	0	1970-01-01 00:00:00
144	2535418020562953	1951205818	0	0	1970-01-01 00:00:00
145	2535418020562953	1840688839	0	0	1970-01-01 00:00:00
146	2535418020562953	1837088169	0	0	1970-01-01 00:00:00
147	2535418020562953	1939134858	0	0	1970-01-01 00:00:00
148	2535418020562953	1815348552	0	0	1970-01-01 00:00:00
149	2535418020562953	1619218235	0	0	1970-01-01 00:00:00
150	2535418020562953	1771481714	0	0	1970-01-01 00:00:00
151	2535418020562953	1297287815	1000	35	1970-01-01 00:00:00
152	2535418020562953	1906143168	1865	0	1970-01-01 00:00:00
153	2535418020562953	2024574200	0	0	1970-01-01 00:00:00
154	2535418020562953	1777860928	1000	0	1970-01-01 00:00:00
155	2535418020562953	2116115604	0	0	1970-01-01 00:00:00
156	2535418020562953	1717113201	5210	100	1970-01-01 00:00:00
157	2535418020562953	1713525781	0	0	1970-01-01 00:00:00
158	2535418020562953	2060719597	0	0	1970-01-01 00:00:00
159	2535418020562953	1862446374	0	0	1970-01-01 00:00:00
160	2535418020562953	2071100129	0	0	1970-01-01 00:00:00
161	2535418020562953	1659804324	1000	70	1970-01-01 00:00:00
162	2535418020562953	1841441354	0	0	1970-01-01 00:00:00
163	2535418020562953	1787008472	0	0	1970-01-01 00:00:00
164	2535418020562953	2115346552	0	0	1970-01-01 00:00:00
165	2535418020562953	1413679061	1250	60	1970-01-01 00:00:00
166	2535418020562953	374923716	2500	105	1970-01-01 00:00:00
167	2535418020562953	1820896903	0	0	1970-01-01 00:00:00
168	2535418020562953	1843310813	1000	495	1970-01-01 00:00:00
169	2535418020562953	1807442535	0	0	1970-01-01 00:00:00
170	2535418020562953	1731891301	0	0	1970-01-01 00:00:00
171	2535418020562953	1909087497	0	0	1970-01-01 00:00:00
172	2535418020562953	1851306116	0	0	1970-01-01 00:00:00
173	2535418020562953	1824137014	0	0	1970-01-01 00:00:00
174	2535418020562953	333628240	1000	125	1970-01-01 00:00:00
175	2535418020562953	559544937	1250	270	1970-01-01 00:00:00
176	2535418020562953	1985701699	3610	40	1970-01-01 00:00:00
177	2535418020562953	623325843	1500	55	1970-01-01 00:00:00
178	2535418020562953	1635723607	0	0	1970-01-01 00:00:00
179	2535418020562953	226054795	2000	20	1970-01-01 00:00:00
180	2535418020562953	1937457147	1470	10	1970-01-01 00:00:00
181	2535418020562953	1799887933	2000	365	1970-01-01 00:00:00
182	2535418020562953	1198088771	1190	0	1970-01-01 00:00:00
183	2535418020562953	74304278	1450	25	1970-01-01 00:00:00
184	2535418020562953	686783342	1000	0	1970-01-01 00:00:00
185	2535418020562953	1397033025	1000	0	1970-01-01 00:00:00
186	2535418020562953	1414793309	1695	5	1970-01-01 00:00:00
187	2535418020562953	804980065	0	0	1970-01-01 00:00:00
188	2535418020562953	320504455	1500	295	1970-01-01 00:00:00
189	2535418020562953	502034863	1500	1160	1970-01-01 00:00:00
190	2535418020562953	1579532320	1925	75	1970-01-01 00:00:00
191	2535418020562953	1297287125	1250	0	1970-01-01 00:00:00
192	2535418020562953	1145574011	1000	30	1970-01-01 00:00:00
193	2535418020562953	1313671253	1000	805	1970-01-01 00:00:00
194	2535418020562953	1161890101	1250	30	1970-01-01 00:00:00
195	2535418020562953	1313673121	1000	475	1970-01-01 00:00:00
196	2535418020562953	1464995746	200	0	1970-01-01 00:00:00
197	2535463385431007	267695549	1000	0	1970-01-01 00:00:00
198	2535463385431007	1947900602	1200	28	1970-01-01 00:00:00
199	2535463385431007	988203152	3670	0	1970-01-01 00:00:00
200	2535463385431007	2043073184	2020	90	1970-01-01 00:00:00
201	2535463385431007	2001700854	2000	100	1970-01-01 00:00:00
202	2535463385431007	950328474	1000	380	1970-01-01 00:00:00
203	2535463385431007	2059211995	1000	5	1970-01-01 00:00:00
204	2535463385431007	2041731932	1230	195	1970-01-01 00:00:00
205	2535463385431007	1878915001	1000	30	1970-01-01 00:00:00
206	2535463385431007	859843286	1000	90	1970-01-01 00:00:00
207	2535463385431007	1655517847	1000	0	1970-01-01 00:00:00
208	2535463385431007	2079794073	1000	40	1970-01-01 00:00:00
209	2535463385431007	2030093255	2500	640	1970-01-01 00:00:00
210	2535463385431007	1797327516	1000	0	1970-01-01 00:00:00
211	2535463385431007	217802058	1305	405	1970-01-01 00:00:00
212	2535463385431007	1367952835	1250	0	1970-01-01 00:00:00
213	2535463385431007	2105342780	2800	0	1970-01-01 00:00:00
214	2535463385431007	1901782415	1000	15	1970-01-01 00:00:00
215	2535463385431007	415619002	1260	10	1970-01-01 00:00:00
216	2535463385431007	2008403666	1000	0	1970-01-01 00:00:00
217	2535463385431007	1989106096	1945	85	1970-01-01 00:00:00
218	2535463385431007	2054716369	1000	0	1970-01-01 00:00:00
219	2535463385431007	1892245301	1000	90	1970-01-01 00:00:00
220	2535463385431007	530462567	2000	0	1970-01-01 00:00:00
221	2535463385431007	1694250070	1000	145	1970-01-01 00:00:00
222	2535463385431007	1842668909	1000	25	1970-01-01 00:00:00
223	2535463385431007	1610974574	1000	0	1970-01-01 00:00:00
224	2535463385431007	1908824731	1000	0	1970-01-01 00:00:00
225	2535463385431007	222473492	1455	15	1970-01-01 00:00:00
226	2535463385431007	1616307670	1000	25	1970-01-01 00:00:00
227	2535463385431007	2093153073	1010	5	1970-01-01 00:00:00
228	2535463385431007	2071061510	1000	75	1970-01-01 00:00:00
229	2535463385431007	1613348546	1000	0	1970-01-01 00:00:00
230	2535463385431007	1985701699	3610	1210	1970-01-01 00:00:00
231	2535463385431007	1828326430	2870	110	1970-01-01 00:00:00
232	2535463385431007	2134693780	1000	0	1970-01-01 00:00:00
233	2535463385431007	1685686710	1240	30	1970-01-01 00:00:00
234	2535463385431007	1743049130	1000	0	1970-01-01 00:00:00
235	2535463385431007	1621285366	1000	0	1970-01-01 00:00:00
236	2535463385431007	244291844	1000	30	1970-01-01 00:00:00
237	2535463385431007	1720075101	1000	40	1970-01-01 00:00:00
238	2535463385431007	1920996408	1360	30	1970-01-01 00:00:00
239	2535463385431007	1778348973	1750	0	1970-01-01 00:00:00
240	2535463385431007	585771792	1250	15	1970-01-01 00:00:00
241	2535463385431007	2006171548	1525	80	1970-01-01 00:00:00
242	2535463385431007	1995576035	1250	30	1970-01-01 00:00:00
243	2535463385431007	389597738	1290	75	1970-01-01 00:00:00
244	2535463385431007	1628688048	1150	15	1970-01-01 00:00:00
245	2535463385431007	984363462	2500	15	1970-01-01 00:00:00
246	2535463385431007	1414793259	1500	80	1970-01-01 00:00:00
247	2535463385431007	1837410971	1000	0	1970-01-01 00:00:00
248	2535463385431007	94618376	2575	60	1970-01-01 00:00:00
249	2535463385431007	2016076229	1000	70	1970-01-01 00:00:00
250	2535463385431007	558797228	2200	10	1970-01-01 00:00:00
251	2535463385431007	1144039928	7000	430	1970-01-01 00:00:00
252	2535463385431007	1628806449	1000	75	1970-01-01 00:00:00
253	2535463385431007	306230746	1000	0	1970-01-01 00:00:00
254	2535463385431007	1931947471	1000	0	1970-01-01 00:00:00
255	2535463385431007	907086072	1195	10	1970-01-01 00:00:00
256	2535463385431007	2047319603	2870	85	1970-01-01 00:00:00
257	2535463385431007	1731202267	1000	0	1970-01-01 00:00:00
258	2535463385431007	2040239934	0	0	1970-01-01 00:00:00
259	2535463385431007	2090892978	1000	5	1970-01-01 00:00:00
260	2535463385431007	1777860928	1000	5	1970-01-01 00:00:00
261	2535463385431007	252034287	1550	10	1970-01-01 00:00:00
262	2535463385431007	1041486048	1000	0	1970-01-01 00:00:00
263	2535463385431007	1959842755	1000	0	1970-01-01 00:00:00
264	2535463385431007	1913639555	1000	80	1970-01-01 00:00:00
265	2535463385431007	2041941014	1000	35	1970-01-01 00:00:00
266	2535463385431007	2100880776	1000	0	1970-01-01 00:00:00
267	2535463385431007	1886840872	1000	10	1970-01-01 00:00:00
268	2535463385431007	1880089265	1000	0	1970-01-01 00:00:00
269	2535463385431007	1690524168	1585	0	1970-01-01 00:00:00
270	2535463385431007	1993022209	1250	0	1970-01-01 00:00:00
271	2535463385431007	2103789015	2000	0	1970-01-01 00:00:00
272	2535463385431007	1874191487	1195	20	1970-01-01 00:00:00
273	2535463385431007	2117764661	1215	610	1970-01-01 00:00:00
274	2535463385431007	1715577372	1000	30	1970-01-01 00:00:00
275	2535463385431007	1916393313	1000	30	1970-01-01 00:00:00
276	2535463385431007	1881258316	1000	0	1970-01-01 00:00:00
277	2535463385431007	1757462338	1000	0	1970-01-01 00:00:00
278	2535463385431007	1642907564	1000	0	1970-01-01 00:00:00
279	2535463385431007	2011136108	1000	0	1970-01-01 00:00:00
280	2535463385431007	1745661457	0	0	1970-01-01 00:00:00
281	2535463385431007	2095867988	1735	0	1970-01-01 00:00:00
282	2535463385431007	2098787950	1580	15	1970-01-01 00:00:00
283	2535463385431007	1756491555	1000	0	1970-01-01 00:00:00
284	2535463385431007	1690468494	1000	0	1970-01-01 00:00:00
285	2535463385431007	1718697574	1000	0	1970-01-01 00:00:00
286	2535463385431007	137510457	1000	0	1970-01-01 00:00:00
287	2535463385431007	467118163	1400	0	1970-01-01 00:00:00
288	2535463385431007	1256782258	1600	0	1970-01-01 00:00:00
289	2535463385431007	1475571605	1250	30	1970-01-01 00:00:00
290	2535463385431007	2054685746	2915	0	1970-01-01 00:00:00
291	2535463385431007	1874376911	1000	105	1970-01-01 00:00:00
292	2535463385431007	1749676903	1445	0	1970-01-01 00:00:00
293	2535463385431007	519443170	1000	0	1970-01-01 00:00:00
294	2535463385431007	2029805012	1000	0	1970-01-01 00:00:00
295	2535463385431007	2037558339	1000	0	1970-01-01 00:00:00
296	2535463385431007	1813085990	1000	0	1970-01-01 00:00:00
297	2535463385431007	1907729638	2154	10	1970-01-01 00:00:00
298	2535463385431007	447911394	1695	40	1970-01-01 00:00:00
299	2535463385431007	964706972	1000	0	1970-01-01 00:00:00
300	2535463385431007	1112737760	1655	10	1970-01-01 00:00:00
301	2535463385431007	1953391836	1000	0	1970-01-01 00:00:00
302	2535463385431007	980944365	2200	0	1970-01-01 00:00:00
303	2535463385431007	1768081511	1435	0	1970-01-01 00:00:00
304	2535463385431007	810101074	2430	60	1970-01-01 00:00:00
305	2535463385431007	1960926264	1000	30	1970-01-01 00:00:00
306	2535463385431007	1756421327	1000	175	1970-01-01 00:00:00
307	2535463385431007	869175187	1000	0	1970-01-01 00:00:00
308	2535463385431007	591405932	1000	5	1970-01-01 00:00:00
309	2535463385431007	1785174857	1000	5	1970-01-01 00:00:00
310	2535463385431007	1037514907	1000	40	1970-01-01 00:00:00
311	2535463385431007	1327376519	1580	0	1970-01-01 00:00:00
312	2535463385431007	1733173772	1000	0	1970-01-01 00:00:00
313	2535463385431007	1790216132	1000	0	1970-01-01 00:00:00
314	2535463385431007	1963912042	1000	0	1970-01-01 00:00:00
315	2535463385431007	2061866976	1000	10	1970-01-01 00:00:00
316	2535463385431007	1627444318	1000	0	1970-01-01 00:00:00
317	2535463385431007	1814653009	1000	60	1970-01-01 00:00:00
318	2535463385431007	2035251227	1000	850	1970-01-01 00:00:00
319	2535463385431007	1891684356	1000	45	1970-01-01 00:00:00
320	2535463385431007	1632843296	1000	0	1970-01-01 00:00:00
321	2535463385431007	304932652	1000	0	1970-01-01 00:00:00
322	2535463385431007	1297287815	1000	50	1970-01-01 00:00:00
323	2535463385431007	427070178	1000	0	1970-01-01 00:00:00
324	2535463385431007	1755180052	1000	0	1970-01-01 00:00:00
325	2535463385431007	162448742	1870	0	1970-01-01 00:00:00
326	2535463385431007	1112737749	1550	90	1970-01-01 00:00:00
327	2535463385431007	1763742865	5220	0	1970-01-01 00:00:00
328	2535463385431007	1112737785	0	0	1970-01-01 00:00:00
329	2535463385431007	1937629264	1000	10	1970-01-01 00:00:00
330	2535463385431007	1868841248	1180	55	1970-01-01 00:00:00
331	2535463385431007	1726756158	1000	0	1970-01-01 00:00:00
332	2535463385431007	1848088335	1000	25	1970-01-01 00:00:00
333	2535463385431007	157772240	1000	0	1970-01-01 00:00:00
334	2535463385431007	1848191014	1000	10	1970-01-01 00:00:00
335	2535463385431007	1648619937	1000	0	1970-01-01 00:00:00
336	2535463385431007	1947725080	1000	0	1970-01-01 00:00:00
337	2535463385431007	1397819386	1250	0	1970-01-01 00:00:00
338	2535463385431007	422246343	1000	15	1970-01-01 00:00:00
339	2535463385431007	1297287153	1350	0	1970-01-01 00:00:00
340	2535463385431007	2106872096	1000	0	1970-01-01 00:00:00
341	2535463385431007	1659804324	1000	5	1970-01-01 00:00:00
342	2535463385431007	717702870	1305	0	1970-01-01 00:00:00
343	2535463385431007	1823385601	1360	0	1970-01-01 00:00:00
344	2535463385431007	690285705	1215	0	1970-01-01 00:00:00
345	2535463385431007	1877455960	1000	10	1970-01-01 00:00:00
346	2535463385431007	1867295360	1200	20	1970-01-01 00:00:00
347	2535463385431007	2041063925	1000	0	1970-01-01 00:00:00
348	2535463385431007	1925242158	1000	5	1970-01-01 00:00:00
349	2535463385431007	1703518315	1000	0	1970-01-01 00:00:00
350	2535463385431007	1926653926	1000	0	1970-01-01 00:00:00
351	2535463385431007	1992453063	1180	0	1970-01-01 00:00:00
352	2535463385431007	1997201494	1115	0	1970-01-01 00:00:00
353	2535463385431007	1161889984	1750	0	1970-01-01 00:00:00
354	2535463385431007	2140460499	1000	0	1970-01-01 00:00:00
355	2535463385431007	836165876	1425	5	1970-01-01 00:00:00
356	2535463385431007	1843641391	1000	45	1970-01-01 00:00:00
357	2535463385431007	793598300	1000	0	1970-01-01 00:00:00
358	2535463385431007	1882004205	1000	10	1970-01-01 00:00:00
359	2535463385431007	1660320477	1000	40	1970-01-01 00:00:00
360	2535463385431007	1970667393	1000	0	1970-01-01 00:00:00
361	2535463385431007	1781365913	1000	95	1970-01-01 00:00:00
362	2535463385431007	1161889960	1430	0	1970-01-01 00:00:00
363	2535463385431007	1965142613	1585	0	1970-01-01 00:00:00
364	2535463385431007	1297287382	1250	0	1970-01-01 00:00:00
365	2535463385431007	1616046491	1400	20	1970-01-01 00:00:00
366	2535463385431007	1756731867	1000	0	1970-01-01 00:00:00
367	2535463385431007	1983962095	1000	90	1970-01-01 00:00:00
368	2535463385431007	2071372034	1390	10	1970-01-01 00:00:00
369	2535463385431007	2093066399	1000	25	1970-01-01 00:00:00
370	2535463385431007	1745314691	1000	0	1970-01-01 00:00:00
371	2535463385431007	559544937	1250	0	1970-01-01 00:00:00
372	2535463385431007	1873961403	0	0	1970-01-01 00:00:00
373	2535463385431007	1962957406	0	0	1970-01-01 00:00:00
374	2535463385431007	1831020231	0	0	1970-01-01 00:00:00
375	2535463385431007	1820250788	0	0	1970-01-01 00:00:00
376	2535463385431007	1811699532	0	0	1970-01-01 00:00:00
377	2535463385431007	1925999199	0	0	1970-01-01 00:00:00
378	2535463385431007	1936839217	0	0	1970-01-01 00:00:00
379	2535463385431007	1879387993	0	0	1970-01-01 00:00:00
380	2535463385431007	1892185225	0	0	1970-01-01 00:00:00
381	2535463385431007	1664882211	0	0	1970-01-01 00:00:00
382	2535463385431007	1871865902	0	0	1970-01-01 00:00:00
383	2535463385431007	1769212183	0	0	1970-01-01 00:00:00
384	2535463385431007	2066051089	0	0	1970-01-01 00:00:00
385	2535463385431007	1796644516	0	0	1970-01-01 00:00:00
386	2535463385431007	1701961169	0	0	1970-01-01 00:00:00
387	2535463385431007	1729728627	0	0	1970-01-01 00:00:00
388	2535463385431007	1619918537	0	0	1970-01-01 00:00:00
389	2535463385431007	1888634439	0	0	1970-01-01 00:00:00
390	2535463385431007	1739375565	3000	180	1970-01-01 00:00:00
391	2535463385431007	2144518853	0	0	1970-01-01 00:00:00
392	2535463385431007	1847408598	0	0	1970-01-01 00:00:00
393	2535463385431007	1717113201	5210	105	1970-01-01 00:00:00
394	2535463385431007	1708416015	0	0	1970-01-01 00:00:00
395	2535463385431007	1635723607	0	0	1970-01-01 00:00:00
396	2535463385431007	1652720688	0	0	1970-01-01 00:00:00
397	2535463385431007	2123253915	0	0	1970-01-01 00:00:00
398	2535463385431007	1683566198	0	0	1970-01-01 00:00:00
399	2535463385431007	1801832565	0	0	1970-01-01 00:00:00
400	2535463385431007	1902027806	0	0	1970-01-01 00:00:00
401	2535463385431007	1714203046	0	0	1970-01-01 00:00:00
402	2535463385431007	2027066829	1250	280	1970-01-01 00:00:00
403	2535463385431007	1810924247	2870	30	1970-01-01 00:00:00
404	2533274909201540	1667877464	0	0	1970-01-01 00:00:00
405	2533274909201540	1681574067	0	0	1970-01-01 00:00:00
406	2533274909201540	1799893100	0	0	1970-01-01 00:00:00
407	2533274909201540	1480656879	200	0	1970-01-01 00:00:00
408	2533274909201540	1811699532	0	0	1970-01-01 00:00:00
409	2533274909201540	1769212183	0	0	1970-01-01 00:00:00
410	2533274909201540	2006088480	0	0	1970-01-01 00:00:00
411	2533274909201540	1664882211	0	0	1970-01-01 00:00:00
412	2533274909201540	1698925306	0	0	1970-01-01 00:00:00
413	2533274909201540	2030027058	1000	10	1970-01-01 00:00:00
414	2533274909201540	2016076229	1000	60	1970-01-01 00:00:00
415	2533274909201540	2073359006	1000	0	1970-01-01 00:00:00
416	2533274909201540	1682363458	1000	60	1970-01-01 00:00:00
417	2533274909201540	1633458467	1000	180	1970-01-01 00:00:00
418	2533274909201540	2001700854	2000	275	1970-01-01 00:00:00
419	2533274909201540	1480657407	200	0	1970-01-01 00:00:00
420	2533274909201540	1831020231	0	0	1970-01-01 00:00:00
421	2533274909201540	1718681937	0	0	1970-01-01 00:00:00
422	2533274909201540	1820250788	0	0	1970-01-01 00:00:00
423	2533274909201540	1636080549	0	0	1970-01-01 00:00:00
424	2533274909201540	1694834097	0	0	1970-01-01 00:00:00
425	2533274909201540	1642295706	0	0	1970-01-01 00:00:00
426	2533274909201540	1973901376	1000	450	1970-01-01 00:00:00
427	2533274909201540	1740854689	0	0	1970-01-01 00:00:00
428	2533274909201540	2043073184	2020	105	1970-01-01 00:00:00
429	2533274909201540	352040487	1420	675	1970-01-01 00:00:00
430	2533274909201540	1730430924	0	0	1970-01-01 00:00:00
431	2533274909201540	2046748982	0	0	1970-01-01 00:00:00
432	2533274909201540	1868841248	1180	115	1970-01-01 00:00:00
433	2533274909201540	2079794073	1000	220	1970-01-01 00:00:00
434	2533274909201540	1684508835	1000	20	1970-01-01 00:00:00
435	2533274909201540	1961172653	0	0	1970-01-01 00:00:00
436	2533274909201540	1686513587	0	0	1970-01-01 00:00:00
437	2533274909201540	1613348546	1000	10	1970-01-01 00:00:00
438	2533274909201540	1628688048	1150	375	1970-01-01 00:00:00
439	2533274909201540	1977284905	1000	20	1970-01-01 00:00:00
440	2533274909201540	1144039928	7000	1170	1970-01-01 00:00:00
441	2533274909201540	2014204696	0	0	1970-01-01 00:00:00
442	2533274909201540	1914116538	0	0	1970-01-01 00:00:00
443	2533274909201540	1806726294	0	0	1970-01-01 00:00:00
444	2533274909201540	1777860928	1000	5	1970-01-01 00:00:00
445	2533274909201540	1636493129	0	0	1970-01-01 00:00:00
446	2533274909201540	1762047744	0	0	1970-01-01 00:00:00
447	2533274909201540	1684021742	0	0	1970-01-01 00:00:00
448	2533274909201540	1669996905	4300	40	1970-01-01 00:00:00
449	2533274909201540	1955982965	1000	8	1970-01-01 00:00:00
450	2533274909201540	2119592325	0	0	1970-01-01 00:00:00
451	2533274909201540	1793267614	0	0	1970-01-01 00:00:00
452	2533274909201540	1901782415	1000	15	1970-01-01 00:00:00
453	2533274909201540	144389848	1240	1040	1970-01-01 00:00:00
454	2533274909201540	1692950358	1000	200	1970-01-01 00:00:00
455	2533274909201540	1918679142	0	0	1970-01-01 00:00:00
456	2533274909201540	1872765418	1205	0	1970-01-01 00:00:00
457	2533274909201540	2117095676	1000	260	1970-01-01 00:00:00
458	2533274909201540	1803631176	1000	0	1970-01-01 00:00:00
459	2533274909201540	1881258316	1000	0	1970-01-01 00:00:00
460	2533274909201540	1690524168	1585	15	1970-01-01 00:00:00
461	2533274909201540	1986295132	1000	60	1970-01-01 00:00:00
462	2533274909201540	1715577372	1000	30	1970-01-01 00:00:00
463	2533274909201540	1667881927	1000	532	1970-01-01 00:00:00
464	2533274909201540	2134693780	1000	120	1970-01-01 00:00:00
465	2533274909201540	1757097514	0	0	1970-01-01 00:00:00
466	2533274909201540	2058726916	0	0	1970-01-01 00:00:00
467	2533274909201540	374621264	1070	130	1970-01-01 00:00:00
468	2533274909201540	1939282526	0	0	1970-01-01 00:00:00
469	2533274909201540	374923716	2500	40	1970-01-01 00:00:00
470	2533274909201540	680942588	1000	420	1970-01-01 00:00:00
471	2533274909201540	171869406	1000	0	1970-01-01 00:00:00
472	2533274909201540	1414793259	1500	400	1970-01-01 00:00:00
473	2533274909201540	1953391836	1000	0	1970-01-01 00:00:00
474	2533274909201540	2119197579	1000	50	1970-01-01 00:00:00
475	2533274909201540	2096242259	1000	0	1970-01-01 00:00:00
476	2533274909201540	1901219549	0	0	1970-01-01 00:00:00
477	2533274909201540	1842524948	0	0	1970-01-01 00:00:00
478	2533274909201540	1736183720	0	0	1970-01-01 00:00:00
479	2533274909201540	1632037584	0	0	1970-01-01 00:00:00
480	2533274909201540	1904560378	0	0	1970-01-01 00:00:00
481	2533274909201540	2004428777	1000	15	1970-01-01 00:00:00
482	2533274909201540	1729212715	0	0	1970-01-01 00:00:00
483	2533274909201540	1916393313	1000	110	1970-01-01 00:00:00
484	2533274909201540	1936146608	1000	900	1970-01-01 00:00:00
485	2533274909201540	1880429633	0	0	1970-01-01 00:00:00
486	2533274909201540	1635723607	0	0	1970-01-01 00:00:00
487	2533274909201540	94618376	2575	95	1970-01-01 00:00:00
488	2533274909201540	1704491362	0	0	1970-01-01 00:00:00
489	2533274909201540	1873961403	0	0	1970-01-01 00:00:00
490	2533274909201540	1651248133	1000	70	1970-01-01 00:00:00
491	2533274909201540	1714203046	0	0	1970-01-01 00:00:00
492	2533274909201540	1661942705	0	0	1970-01-01 00:00:00
493	2533274909201540	1664288261	0	0	1970-01-01 00:00:00
494	2533274909201540	1611681745	0	0	1970-01-01 00:00:00
495	2533274909201540	1837410971	1000	150	1970-01-01 00:00:00
496	2533274909201540	717702870	1305	290	1970-01-01 00:00:00
497	2533274909201540	2030093255	2500	40	1970-01-01 00:00:00
498	2533274909201540	965890138	1000	0	1970-01-01 00:00:00
499	2533274909201540	504085184	1000	0	1970-01-01 00:00:00
500	2533274909201540	2117764661	1215	665	1970-01-01 00:00:00
501	2533274909201540	1967883584	1000	85	1970-01-01 00:00:00
502	2533274909201540	2106872096	1000	15	1970-01-01 00:00:00
503	2533274909201540	1963912042	1000	160	1970-01-01 00:00:00
504	2533274909201540	1951465965	0	0	1970-01-01 00:00:00
505	2533274909201540	1913463859	0	0	1970-01-01 00:00:00
506	2533274909201540	1997201494	1115	0	1970-01-01 00:00:00
507	2533274909201540	2129339538	2380	10	1970-01-01 00:00:00
508	2533274909201540	2123163620	1000	0	1970-01-01 00:00:00
509	2533274909201540	2050529152	0	0	1970-01-01 00:00:00
510	2533274909201540	2062398513	1740	40	1970-01-01 00:00:00
511	2533274909201540	1906143168	1865	0	1970-01-01 00:00:00
512	2533274909201540	1285166951	6390	0	1970-01-01 00:00:00
513	2533274909201540	1925947069	2010	180	1970-01-01 00:00:00
514	2533274909201540	1678530943	0	0	1970-01-01 00:00:00
515	2533274909201540	2139970300	1000	15	1970-01-01 00:00:00
516	2533274909201540	1848191014	1000	50	1970-01-01 00:00:00
517	2533274909201540	1892245301	1000	30	1970-01-01 00:00:00
518	2533274909201540	2051766968	0	0	1970-01-01 00:00:00
519	2533274909201540	2121317693	1000	150	1970-01-01 00:00:00
520	2533274909201540	1967200449	0	0	1970-01-01 00:00:00
521	2533274909201540	1648619937	1000	20	1970-01-01 00:00:00
522	2533274909201540	422246343	1000	0	1970-01-01 00:00:00
523	2533274909201540	1913639555	1000	220	1970-01-01 00:00:00
524	2533274909201540	2098787950	1580	0	1970-01-01 00:00:00
525	2533274909201540	320504455	1500	305	1970-01-01 00:00:00
526	2533274909201540	125226722	1000	295	1970-01-01 00:00:00
527	2533274909201540	1030018025	1500	55	1970-01-01 00:00:00
528	2533274909201540	2140460499	1000	0	1970-01-01 00:00:00
529	2533274909201540	1289871275	3000	0	1970-01-01 00:00:00
530	2533274909201540	2082382492	1000	0	1970-01-01 00:00:00
531	2533274909201540	1723140610	0	0	1970-01-01 00:00:00
532	2533274909201540	1923279922	1000	880	1970-01-01 00:00:00
533	2533274909201540	809464104	1000	20	1970-01-01 00:00:00
534	2533274909201540	1619865604	1555	20	1970-01-01 00:00:00
535	2533274909201540	756981192	2175	30	1970-01-01 00:00:00
536	2533274909201540	210179407	1380	55	1970-01-01 00:00:00
537	2533274909201540	1960926264	1000	0	1970-01-01 00:00:00
538	2533274909201540	2096818168	0	0	1970-01-01 00:00:00
539	2533274909201540	1045960524	1500	40	1970-01-01 00:00:00
540	2533274909201540	1328778537	1000	50	1970-01-01 00:00:00
541	2533274909201540	1745314691	1000	745	1970-01-01 00:00:00
542	2533274909201540	961090289	1000	30	1970-01-01 00:00:00
543	2533274909201540	252379691	1000	75	1970-01-01 00:00:00
544	2533274909201540	648298719	1000	125	1970-01-01 00:00:00
545	2533274909201540	2063170939	1390	75	1970-01-01 00:00:00
546	2533274909201540	1970667393	1000	90	1970-01-01 00:00:00
547	2533274909201540	1781365913	1000	155	1970-01-01 00:00:00
548	2533274909201540	2042945112	1850	0	1970-01-01 00:00:00
549	2533274909201540	1659464109	3810	15	1970-01-01 00:00:00
550	2533274909201540	2100312943	1000	95	1970-01-01 00:00:00
551	2533274909201540	1713723106	0	0	1970-01-01 00:00:00
552	2533274909201540	1829876281	0	0	1970-01-01 00:00:00
553	2533274909201540	2127143504	0	0	1970-01-01 00:00:00
554	2533274909201540	903593533	1000	30	1970-01-01 00:00:00
555	2533274909201540	275673036	1000	0	1970-01-01 00:00:00
556	2533274909201540	1914646696	1000	60	1970-01-01 00:00:00
557	2533274909201540	2059211995	1000	0	1970-01-01 00:00:00
558	2533274909201540	901516198	1200	65	1970-01-01 00:00:00
559	2533274909201540	2024220276	1600	70	1970-01-01 00:00:00
560	2533274909201540	888477147	1000	250	1970-01-01 00:00:00
561	2533274909201540	836165876	1425	135	1970-01-01 00:00:00
562	2533274909201540	2132429347	1050	20	1970-01-01 00:00:00
563	2533274909201540	226054795	2000	5	1970-01-01 00:00:00
564	2533274909201540	1959842755	1000	0	1970-01-01 00:00:00
565	2533274909201540	332913499	1490	200	1970-01-01 00:00:00
566	2533274909201540	964019698	1845	90	1970-01-01 00:00:00
567	2533274909201540	1720075101	1000	420	1970-01-01 00:00:00
568	2533274909201540	106901580	1000	45	1970-01-01 00:00:00
569	2533274909201540	230716687	1000	365	1970-01-01 00:00:00
570	2533274909201540	2050010864	1520	10	1970-01-01 00:00:00
571	2533274909201540	1708767297	2000	735	1970-01-01 00:00:00
572	2533274909201540	244291844	1000	275	1970-01-01 00:00:00
573	2533274909201540	1327376519	1580	105	1970-01-01 00:00:00
574	2533274909201540	944836149	1000	20	1970-01-01 00:00:00
575	2533274909201540	162448742	1870	110	1970-01-01 00:00:00
576	2533274909201540	1717113201	5210	35	1970-01-01 00:00:00
577	2533274909201540	447911394	1695	0	1970-01-01 00:00:00
578	2533274909201540	1296697298	0	0	1970-01-01 00:00:00
579	2533274909201540	552499398	4000	415	1970-01-01 00:00:00
580	2533274909201540	502034863	1500	620	1970-01-01 00:00:00
581	2533274909201540	147604411	1000	0	1970-01-01 00:00:00
582	2533274909201540	969381141	1000	385	1970-01-01 00:00:00
583	2533274909201540	256364670	1000	60	1970-01-01 00:00:00
584	2533274909201540	449394673	1000	110	1970-01-01 00:00:00
585	2533274909201540	976905576	1570	135	1970-01-01 00:00:00
586	2533274909201540	559544937	1250	265	1970-01-01 00:00:00
587	2533274909201540	415619002	1260	20	1970-01-01 00:00:00
588	2533274909201540	1727835390	1000	40	1970-01-01 00:00:00
589	2533274909201540	20391045	1000	555	1970-01-01 00:00:00
590	2533274909201540	1161889879	1000	100	1970-01-01 00:00:00
591	2533274909201540	338995079	1000	1000	1970-01-01 00:00:00
592	2533274909201540	651668093	1620	110	1970-01-01 00:00:00
593	2533274909201540	1801948585	0	0	1970-01-01 00:00:00
594	2533274909201540	1161890059	1370	640	1970-01-01 00:00:00
595	2533274909201540	1781344339	1390	1105	1970-01-01 00:00:00
596	2533274909201540	1414793198	1000	30	1970-01-01 00:00:00
597	2533274909201540	252034287	1550	20	1970-01-01 00:00:00
598	2533274909201540	2105140633	1000	115	1970-01-01 00:00:00
599	2533274909201540	2054716369	1000	100	1970-01-01 00:00:00
600	2533274909201540	267695549	1000	0	1970-01-01 00:00:00
601	2533274909201540	914276891	1435	245	1970-01-01 00:00:00
602	2533274909201540	796798669	1750	550	1970-01-01 00:00:00
603	2533274909201540	1297287339	2000	245	1970-01-01 00:00:00
604	2533274909201540	1759805434	1000	135	1970-01-01 00:00:00
605	2533274909201540	1271641024	1200	210	1970-01-01 00:00:00
606	2533274909201540	1953182469	1000	110	1970-01-01 00:00:00
607	2533274909201540	102287491	1000	520	1970-01-01 00:00:00
608	2533274909201540	988203152	3670	10	1970-01-01 00:00:00
609	2533274909201540	1847551904	1000	40	1970-01-01 00:00:00
610	2533274909201540	152270586	1000	265	1970-01-01 00:00:00
611	2533274909201540	306230746	1000	0	1970-01-01 00:00:00
612	2533274909201540	100764563	1850	0	1970-01-01 00:00:00
613	2533274909201540	1911932812	1800	20	1970-01-01 00:00:00
614	2533274909201540	1936930219	1500	1025	1970-01-01 00:00:00
615	2533274909201540	1790482525	1000	0	1970-01-01 00:00:00
616	2533274909201540	1893882441	0	0	1970-01-01 00:00:00
617	2533274909201540	1726756158	1000	0	1970-01-01 00:00:00
618	2533274909201540	1313671253	1000	90	1970-01-01 00:00:00
619	2533274909201540	1791400679	1000	115	1970-01-01 00:00:00
620	2533274909201540	1781023780	1000	740	1970-01-01 00:00:00
621	2533274909201540	705006443	1790	55	1970-01-01 00:00:00
622	2533274909201540	1161889984	1750	465	1970-01-01 00:00:00
623	2533274909201540	1278031123	1000	10	1970-01-01 00:00:00
624	2533274909201540	1828326430	2870	30	1970-01-01 00:00:00
625	2533274909201540	1610985256	1060	50	1970-01-01 00:00:00
626	2533274909201540	1896010657	1000	0	1970-01-01 00:00:00
627	2533274909201540	950328474	1000	0	1970-01-01 00:00:00
628	2533274909201540	862712929	1090	0	1970-01-01 00:00:00
629	2533274909201540	964706972	1000	64	1970-01-01 00:00:00
630	2533274909201540	921016611	1000	0	1970-01-01 00:00:00
631	2533274909201540	2109986102	1000	175	1970-01-01 00:00:00
632	2533274909201540	1679835971	1000	50	1970-01-01 00:00:00
633	2533274909201540	2041763016	1000	75	1970-01-01 00:00:00
634	2533274909201540	1263405066	1310	250	1970-01-01 00:00:00
635	2533274909201540	1952427486	1000	60	1970-01-01 00:00:00
636	2533274909201540	402049843	1000	85	1970-01-01 00:00:00
637	2533274909201540	1482870140	3725	1135	1970-01-01 00:00:00
638	2533274909201540	1882004205	1000	10	1970-01-01 00:00:00
639	2533274909201540	1161889989	1090	45	1970-01-01 00:00:00
640	2533274909201540	1957310205	1195	55	1970-01-01 00:00:00
641	2533274909201540	625948041	1000	0	1970-01-01 00:00:00
642	2533274909201540	850118036	1390	75	1970-01-01 00:00:00
643	2533274909201540	1878915001	1000	70	1970-01-01 00:00:00
644	2533274909201540	530599647	1450	150	1970-01-01 00:00:00
645	2533274909201540	974586226	1540	30	1970-01-01 00:00:00
646	2533274909201540	1297287213	1750	205	1970-01-01 00:00:00
647	2533274909201540	793598300	1000	15	1970-01-01 00:00:00
648	2533274909201540	1673223107	1000	485	1970-01-01 00:00:00
649	2533274909201540	1985701699	3610	60	1970-01-01 00:00:00
650	2533274909201540	222473492	1455	45	1970-01-01 00:00:00
651	2533274909201540	951560105	1390	345	1970-01-01 00:00:00
652	2533274909201540	1947911457	1000	30	1970-01-01 00:00:00
653	2533274909201540	1938834516	2400	225	1970-01-01 00:00:00
654	2533274909201540	968775939	1500	25	1970-01-01 00:00:00
655	2533274909201540	849613404	1000	45	1970-01-01 00:00:00
656	2533274909201540	926771636	1000	25	1970-01-01 00:00:00
657	2533274909201540	872826607	1000	150	1970-01-01 00:00:00
658	2533274909201540	1475571605	1250	560	1970-01-01 00:00:00
659	2533274909201540	833960563	1045	15	1970-01-01 00:00:00
660	2533274909201540	609700427	1050	0	1970-01-01 00:00:00
661	2533274909201540	407534069	3005	0	1970-01-01 00:00:00
662	2533274909201540	1962559957	4000	0	1970-01-01 00:00:00
663	2533274909201540	1629043783	1000	10	1970-01-01 00:00:00
664	2533274909201540	1161890070	1000	10	1970-01-01 00:00:00
665	2533274909201540	1297287153	1350	25	1970-01-01 00:00:00
666	2533274909201540	1161889999	1290	40	1970-01-01 00:00:00
667	2533274909201540	1739375565	3000	40	1970-01-01 00:00:00
668	2533274909201540	1856508918	1000	0	1970-01-01 00:00:00
669	2533274909201540	1976637866	0	0	1970-01-01 00:00:00
670	2533274909201540	1749180498	0	0	1970-01-01 00:00:00
671	2533274909201540	2077251758	0	0	1970-01-01 00:00:00
672	2533274909201540	1622132960	2430	70	1970-01-01 00:00:00
673	2533274909201540	1797307747	0	0	1970-01-01 00:00:00
674	2533274909201540	1847572037	0	0	1970-01-01 00:00:00
675	2533274909201540	2143921198	0	0	1970-01-01 00:00:00
676	2533274909201540	2033827020	0	0	1970-01-01 00:00:00
677	2533274909201540	1970834532	1435	40	1970-01-01 00:00:00
678	2533274909201540	1815348552	0	0	1970-01-01 00:00:00
679	2533274909201540	1908178790	1000	15	1970-01-01 00:00:00
680	2533274909201540	1923839306	1490	80	1970-01-01 00:00:00
681	2533274909201540	1935756532	1180	45	1970-01-01 00:00:00
682	2533274909201540	2035480830	0	0	1970-01-01 00:00:00
683	2533274909201540	2024574200	0	0	1970-01-01 00:00:00
684	2533274909201540	1793054097	1000	45	1970-01-01 00:00:00
685	2533274909201540	2069930731	0	0	1970-01-01 00:00:00
686	2533274909201540	1805992099	0	0	1970-01-01 00:00:00
687	2533274909201540	2062953211	1000	0	1970-01-01 00:00:00
688	2533274909201540	1828912468	0	0	1970-01-01 00:00:00
689	2533274909201540	1692546142	2440	30	1970-01-01 00:00:00
690	2533274909201540	1959656817	1000	0	1970-01-01 00:00:00
691	2533274909201540	2005154977	1000	10	1970-01-01 00:00:00
692	2533274909201540	568182861	1075	30	1970-01-01 00:00:00
693	2533274909201540	1957789645	0	0	1970-01-01 00:00:00
694	2533274909201540	2116115604	0	0	1970-01-01 00:00:00
695	2533274909201540	2094468887	0	0	1970-01-01 00:00:00
696	2533274909201540	2144518853	0	0	1970-01-01 00:00:00
697	2533274909201540	1643729205	0	0	1970-01-01 00:00:00
698	2533274909201540	1847408598	0	0	1970-01-01 00:00:00
699	2533274909201540	1626728884	0	0	1970-01-01 00:00:00
700	2533274909201540	1755006572	0	0	1970-01-01 00:00:00
701	2533274909201540	1871865902	0	0	1970-01-01 00:00:00
702	2533274909201540	2071587861	0	0	1970-01-01 00:00:00
703	2533274909201540	1629064702	0	0	1970-01-01 00:00:00
704	2533274909201540	1679726014	0	0	1970-01-01 00:00:00
705	2533274909201540	1652720688	0	0	1970-01-01 00:00:00
706	2533274909201540	1693962804	0	0	1970-01-01 00:00:00
707	2533274909201540	2080548081	0	0	1970-01-01 00:00:00
708	2533274909201540	2081130223	0	0	1970-01-01 00:00:00
709	2533274909201540	1856764962	0	0	1970-01-01 00:00:00
710	2533274909201540	1639443792	0	0	1970-01-01 00:00:00
711	2533274909201540	1705920246	0	0	1970-01-01 00:00:00
712	2533274909201540	1787008472	0	0	1970-01-01 00:00:00
713	2533274909201540	1880313767	0	0	1970-01-01 00:00:00
714	2533274909201540	1702237514	0	0	1970-01-01 00:00:00
715	2533274909201540	1936839217	0	0	1970-01-01 00:00:00
716	2533274909201540	1660733075	1500	45	1970-01-01 00:00:00
717	2533274909201540	896928775	2870	55	1970-01-01 00:00:00
718	2533274909201540	1848583860	0	0	1970-01-01 00:00:00
719	2533274909201540	1905928469	0	0	1970-01-01 00:00:00
720	2533274909201540	1879366078	0	0	1970-01-01 00:00:00
721	2533274909201540	1857101017	0	0	1970-01-01 00:00:00
722	2533274909201540	2000295636	0	0	1970-01-01 00:00:00
723	2533274909201540	2079904709	1000	0	1970-01-01 00:00:00
724	2533274909201540	1782845794	2287	0	1970-01-01 00:00:00
725	2533274909201540	1872224406	0	0	1970-01-01 00:00:00
726	2533274909201540	2092578623	0	0	1970-01-01 00:00:00
727	2533274909201540	2002259331	1550	0	1970-01-01 00:00:00
728	2533274909201540	1873980667	0	0	1970-01-01 00:00:00
729	2533274909201540	2064168993	2425	0	1970-01-01 00:00:00
730	2533274909201540	1015340672	1000	115	1970-01-01 00:00:00
731	2533274909201540	2066051089	0	0	1970-01-01 00:00:00
732	2533274909201540	1777571402	1675	0	1970-01-01 00:00:00
733	2533274909201540	1902027806	0	0	1970-01-01 00:00:00
734	2533274909201540	1675176110	1390	120	1970-01-01 00:00:00
735	2533274909201540	1929508962	1000	50	1970-01-01 00:00:00
736	2533274909201540	1959541320	0	0	1970-01-01 00:00:00
737	2533274909201540	1674291955	0	0	1970-01-01 00:00:00
738	2533274909201540	2119274508	0	0	1970-01-01 00:00:00
739	2533274909201540	1702619408	0	0	1970-01-01 00:00:00
740	2533274909201540	1689233763	0	0	1970-01-01 00:00:00
741	2533274909201540	1613301018	0	0	1970-01-01 00:00:00
742	2533274909201540	2079158337	0	0	1970-01-01 00:00:00
743	2533274909201540	2093682339	1000	155	1970-01-01 00:00:00
744	2533274909201540	1808457122	0	0	1970-01-01 00:00:00
745	2533274909201540	1712693909	0	0	1970-01-01 00:00:00
746	2533274909201540	1992954453	0	0	1970-01-01 00:00:00
747	2533274909201540	1768076067	0	0	1970-01-01 00:00:00
748	2533274909201540	1628516715	0	0	1970-01-01 00:00:00
749	2533274909201540	1671755991	0	0	1970-01-01 00:00:00
750	2533274909201540	1690462158	0	0	1970-01-01 00:00:00
751	2533274909201540	1921269905	0	0	1970-01-01 00:00:00
752	2533274909201540	1983565516	0	0	1970-01-01 00:00:00
753	2533274909201540	2146707105	0	0	1970-01-01 00:00:00
754	2533274909201540	1653768775	0	0	1970-01-01 00:00:00
755	2533274909201540	1951836749	0	0	1970-01-01 00:00:00
756	2533274909201540	1656566221	0	0	1970-01-01 00:00:00
757	2533274909201540	1725781593	0	0	1970-01-01 00:00:00
758	2533274909201540	1702841062	0	0	1970-01-01 00:00:00
759	2533274909201540	1954153789	0	0	1970-01-01 00:00:00
760	2533274909201540	1943362185	0	0	1970-01-01 00:00:00
761	2533274909201540	2074159196	0	0	1970-01-01 00:00:00
762	2533274909201540	1930898112	0	0	1970-01-01 00:00:00
763	2533274909201540	1853315448	0	0	1970-01-01 00:00:00
764	2533274909201540	2132680967	0	0	1970-01-01 00:00:00
765	2533274909201540	1621796646	0	0	1970-01-01 00:00:00
766	2533274909201540	2056593009	0	0	1970-01-01 00:00:00
767	2533274909201540	1625658903	0	0	1970-01-01 00:00:00
768	2533274909201540	2084133512	0	0	1970-01-01 00:00:00
769	2533274909201540	1870289473	0	0	1970-01-01 00:00:00
770	2533274909201540	2128673801	0	0	1970-01-01 00:00:00
771	2533274909201540	2043848520	0	0	1970-01-01 00:00:00
772	2533274909201540	1617407136	0	0	1970-01-01 00:00:00
773	2533274909201540	2096906881	0	0	1970-01-01 00:00:00
774	2533274909201540	1827948906	0	0	1970-01-01 00:00:00
775	2533274909201540	1763423970	0	0	1970-01-01 00:00:00
776	2533274909201540	1297289123	1455	35	1970-01-01 00:00:00
1	2535418020562953	1613348546	1000	290	2024-01-28 19:04:52.603
777	2535418020562953	1946261537	1000	30	2024-01-28 20:19:01.057
\.


--
-- Name: activity_activity_id_seq; Type: SEQUENCE SET; Schema: public; Owner: postgres
--

SELECT pg_catalog.setval('public.activity_activity_id_seq', 1, false);


--
-- Name: title_history_title_history_id_seq; Type: SEQUENCE SET; Schema: public; Owner: postgres
--

SELECT pg_catalog.setval('public.title_history_title_history_id_seq', 777, true);


--
-- PostgreSQL database dump complete
--

